Order_ID,W_ID,C_Address
1,1,05 Weeping Birch Park
2,2,4776 Vera Alley
3,3,95 Bluejay Hill
4,3,6 Scofield Trail
5,2,98 Bowman Alley
6,1,48 Bartillon Junction
7,1,1867 Summerview Lane
8,2,500 Derek Circle
9,2,5 Merry Lane
10,1,6 Carioca Plaza
11,3,65474 David Place
12,2,2 Menomonie Junction
13,1,78 Fair Oaks Center
14,3,44 Atwood Junction
15,3,0 Westridge Drive
16,2,216 Rutledge Pass
17,1,898 Fairview Court
18,2,7019 Veith Point
19,1,7 Fairfield Place
20,3,04629 Kropf Point
