Order_ID,VIN
1,4T1BK1EB6FU752527
2,19UUA56642A233157
3,3C63D3KL9CG622193
4,4USBU33576L116903
5,WAUVFAFH9BN864684
6,4T1BK3DB0BU135535
7,1GYEK63N85R655109
8,JTHFE2C29E2056503
9,1GD312CG5EF086369
10,WDDLJ7DB5CA308462
11,2T1BU4EEXBC031824
12,1G6KE57Y33U544933
13,19UUA56731A099829
14,WAUDT48H96K468796
15,KNADH4A36B6353074
16,WA1AV94L87D107258
17,1GTN1TEH1EZ047219
18,YV1952AS5E1470301
19,WBA3A5G57CN709795
20,5NPDH4AE6FH449495
