Order_ID,Order_Date,Account_ID,C_Address,VIN
1,3/30/2021,1,05 Weeping Birch Park,4T1BK1EB6FU752527
2,4/3/2021,2,4776 Vera Alley,19UUA56642A233157
3,3/15/2021,3,95 Bluejay Hill,3C63D3KL9CG622193
4,4/6/2021,4,6 Scofield Trail,4USBU33576L116903
5,4/30/2021,5,98 Bowman Alley,WAUVFAFH9BN864684
6,3/29/2021,6,48 Bartillon Junction,4T1BK3DB0BU135535
7,3/19/2021,7,1867 Summerview Lane,1GYEK63N85R655109
8,3/25/2021,8,500 Derek Circle,JTHFE2C29E2056503
9,3/24/2021,9,5 Merry Lane,1GD312CG5EF086369
10,3/13/2021,10,6 Carioca Plaza,WDDLJ7DB5CA308462
11,3/22/2021,11,65474 David Place,2T1BU4EEXBC031824
12,3/15/2021,12,2 Menomonie Junction,1G6KE57Y33U544933
13,3/17/2021,13,78 Fair Oaks Center,19UUA56731A099829
14,3/19/2021,14,44 Atwood Junction,WAUDT48H96K468796
15,3/30/2021,15,0 Westridge Drive,KNADH4A36B6353074
16,3/20/2021,16,216 Rutledge Pass,WA1AV94L87D107258
17,3/30/2021,17,898 Fairview Court,1GTN1TEH1EZ047219
18,3/30/2021,18,7019 Veith Point,YV1952AS5E1470301
19,3/21/2021,19,7 Fairfield Place,WBA3A5G57CN709795
20,3/19/2021,20,04629 Kropf Point,5NPDH4AE6FH449495
